Evento,Data/Hora,Descrição,Usuário,Documentos
1.0,29/11/2024 11:02:41,Distribuído por sorteio (SRD1CIV1J),RS089598FERNANDA FREITAS DE ALMEIDAPROCURADOR,"Copiar link para documento:processo 5004125-14.2024.8.21.0069/RS, evento 1, INIC1processo 5004125-14.2024.8.21.0069/RS, evento 1, DOC1evento 1, INIC1evento 1, DOC11.1Fecharprocesso 5004125-14.2024.8.21.0069/RS, evento 1, INIC1processo 5004125-14.2024.8.21.0069/RS, evento 1, DOC1evento 1, DOC11.1evento 1, INIC1INIC1Copiar link para documento:processo 5004125-14.2024.8.21.0069/RS, evento 1, CDA2processo 5004125-14.2024.8.21.0069/RS, evento 1, DOC2evento 1, CDA2evento 1, DOC21.2Fecharprocesso 5004125-14.2024.8.21.0069/RS, evento 1, CDA2processo 5004125-14.2024.8.21.0069/RS, evento 1, DOC2evento 1, DOC21.2evento 1, CDA2CDA2file_downloadauto_awesome_motion"
1.01,29/11/2024 11:02:41,Distribuído por sorteio (SRD1CIV1J),RS089598FERNANDA FREITAS DE ALMEIDAPROCURADOR,
1.02,29/11/2024 11:02:41,Distribuído por sorteio (SRD1CIV1J),RS089598FERNANDA FREITAS DE ALMEIDAPROCURADOR,
1.03,29/11/2024 11:02:41,Distribuído por sorteio (SRD1CIV1J),RS089598FERNANDA FREITAS DE ALMEIDAPROCURADOR,
1.04,29/11/2024 11:02:41,Distribuído por sorteio (SRD1CIV1J),RS089598FERNANDA FREITAS DE ALMEIDAPROCURADOR,
1.05,29/11/2024 11:02:41,Distribuído por sorteio (SRD1CIV1J),RS089598FERNANDA FREITAS DE ALMEIDAPROCURADOR,
1.06,29/11/2024 11:02:41,Distribuído por sorteio (SRD1CIV1J),RS089598FERNANDA FREITAS DE ALMEIDAPROCURADOR,
1.07,29/11/2024 11:02:41,Distribuído por sorteio (SRD1CIV1J),RS089598FERNANDA FREITAS DE ALMEIDAPROCURADOR,
1.08,29/11/2024 11:02:41,Distribuído por sorteio (SRD1CIV1J),RS089598FERNANDA FREITAS DE ALMEIDAPROCURADOR,
1.09,29/11/2024 11:02:41,Distribuído por sorteio (SRD1CIV1J),RS089598FERNANDA FREITAS DE ALMEIDAPROCURADOR,
1.1,29/11/2024 11:02:41,Distribuído por sorteio (SRD1CIV1J),RS089598FERNANDA FREITAS DE ALMEIDAPROCURADOR,
2.0,29/11/2024 15:32:49,Conclusos para decisão/despacho,simonemarSIMONE MARTINELLI ZANDONADIRETOR DE SECRETARIAVara Judicial da Comarca de Sarandi,
3.0,01/12/2024 06:58:27,Proferido despacho de mero expediente,arossattoANDREIA DOS SANTOS ROSSATTOMAGISTRADOVara Judicial da Comarca de Sarandi,"Copiar link para documento:processo 5004125-14.2024.8.21.0069/RS, evento 3, DESPADEC1processo 5004125-14.2024.8.21.0069/RS, evento 3, DOC1evento 3, DESPADEC1evento 3, DOC13.1Fecharprocesso 5004125-14.2024.8.21.0069/RS, evento 3, DESPADEC1processo 5004125-14.2024.8.21.0069/RS, evento 3, DOC1evento 3, DOC13.1evento 3, DESPADEC1DESPADEC1Criado por[arossatto] Editado por[arossatto]"
4.0,01/12/2024 06:58:27,Expedida/certificada a intimação eletrônica- Despacho/DecisãoRefer.  ao Evento 3(EXEQUENTE-  MUNICÍPIO DE SARANDI / RS)Prazo: 90 dias Status:FECHADO(9 - PETIÇÃO)Data inicial da contagem do prazo: 12/12/2024 00:00:00Data final: 28/05/2025 23:59:59,arossattoANDREIA DOS SANTOS ROSSATTOMAGISTRADOVara Judicial da Comarca de Sarandi,
5.0,11/12/2024 23:59:59,Confirmada a intimação eletrônica- Refer. ao Evento: 4(EXEQUENTE-  MUNICÍPIO DE SARANDI / RS),SECJESISTEMA DE PROCESSO ELETRÔNICO,
6.0,20/01/2025 23:55:35,Juntada de certidão- alteração do prazo - Motivo: FERIADO JUSTIÇA ESTADUAL em 03/03/2025 até 04/03/2025,bianatc.admFABIANA TAVARES COSTAADMINISTRADOR DO SISTEMA,
7.0,21/01/2025 22:56:45,Juntada de certidão- alteração do prazo - Motivo: FERIADO NACIONAL em 18/04/2025,bianatc.admFABIANA TAVARES COSTAADMINISTRADOR DO SISTEMA,
8.0,15/03/2025 20:48:02,Juntada de certidão- alteração do prazo - 25/03/2025 até 27/03/2025 - Motivo: SUSPENSÃO DE PRAZOS - Ato n. 41/2025-CGJ,prs.admPRISCILLA RODRIGUES DA SILVEIRAADMINISTRADOR DO SISTEMA,
8.01,15/03/2025 20:48:02,Juntada de certidão- alteração do prazo - 25/03/2025 até 27/03/2025 - Motivo: SUSPENSÃO DE PRAZOS - Ato n. 41/2025-CGJ,prs.admPRISCILLA RODRIGUES DA SILVEIRAADMINISTRADOR DO SISTEMA,
8.02,15/03/2025 20:48:02,Juntada de certidão- alteração do prazo - 25/03/2025 até 27/03/2025 - Motivo: SUSPENSÃO DE PRAZOS - Ato n. 41/2025-CGJ,prs.admPRISCILLA RODRIGUES DA SILVEIRAADMINISTRADOR DO SISTEMA,
8.03,15/03/2025 20:48:02,Juntada de certidão- alteração do prazo - 25/03/2025 até 27/03/2025 - Motivo: SUSPENSÃO DE PRAZOS - Ato n. 41/2025-CGJ,prs.admPRISCILLA RODRIGUES DA SILVEIRAADMINISTRADOR DO SISTEMA,
8.04,15/03/2025 20:48:02,Juntada de certidão- alteração do prazo - 25/03/2025 até 27/03/2025 - Motivo: SUSPENSÃO DE PRAZOS - Ato n. 41/2025-CGJ,prs.admPRISCILLA RODRIGUES DA SILVEIRAADMINISTRADOR DO SISTEMA,
8.05,15/03/2025 20:48:02,Juntada de certidão- alteração do prazo - 25/03/2025 até 27/03/2025 - Motivo: SUSPENSÃO DE PRAZOS - Ato n. 41/2025-CGJ,prs.admPRISCILLA RODRIGUES DA SILVEIRAADMINISTRADOR DO SISTEMA,
8.06,15/03/2025 20:48:02,Juntada de certidão- alteração do prazo - 25/03/2025 até 27/03/2025 - Motivo: SUSPENSÃO DE PRAZOS - Ato n. 41/2025-CGJ,prs.admPRISCILLA RODRIGUES DA SILVEIRAADMINISTRADOR DO SISTEMA,
8.07,15/03/2025 20:48:02,Juntada de certidão- alteração do prazo - 25/03/2025 até 27/03/2025 - Motivo: SUSPENSÃO DE PRAZOS - Ato n. 41/2025-CGJ,prs.admPRISCILLA RODRIGUES DA SILVEIRAADMINISTRADOR DO SISTEMA,
8.08,15/03/2025 20:48:02,Juntada de certidão- alteração do prazo - 25/03/2025 até 27/03/2025 - Motivo: SUSPENSÃO DE PRAZOS - Ato n. 41/2025-CGJ,prs.admPRISCILLA RODRIGUES DA SILVEIRAADMINISTRADOR DO SISTEMA,
8.09,15/03/2025 20:48:02,Juntada de certidão- alteração do prazo - 25/03/2025 até 27/03/2025 - Motivo: SUSPENSÃO DE PRAZOS - Ato n. 41/2025-CGJ,prs.admPRISCILLA RODRIGUES DA SILVEIRAADMINISTRADOR DO SISTEMA,
8.1,15/03/2025 20:48:02,Juntada de certidão- alteração do prazo - 25/03/2025 até 27/03/2025 - Motivo: SUSPENSÃO DE PRAZOS - Ato n. 41/2025-CGJ,prs.admPRISCILLA RODRIGUES DA SILVEIRAADMINISTRADOR DO SISTEMA,
9.0,28/05/2025 12:03:43,PETIÇÃO- Refer. ao Evento: 4(EXEQUENTE-  MUNICÍPIO DE SARANDI / RS),RS062802EMANUELE SOLIGO RÉPROCURADOR,"Copiar link para documento:processo 5004125-14.2024.8.21.0069/RS, evento 9, PET1processo 5004125-14.2024.8.21.0069/RS, evento 9, DOC1evento 9, PET1evento 9, DOC19.1Fecharprocesso 5004125-14.2024.8.21.0069/RS, evento 9, PET1processo 5004125-14.2024.8.21.0069/RS, evento 9, DOC1evento 9, DOC19.1evento 9, PET1PET1"
10.0,02/06/2025 18:49:29,Conclusos para decisão/despacho,jlrossoniJOSE LUIZ ROSSONISERVIDOR DE SECRETARIA (VARA)Vara Judicial da Comarca de Sarandi,
11.0,17/06/2025 15:46:34,Processo Suspenso ou Sobrestado Por Decisão Judicial,arossattoANDREIA DOS SANTOS ROSSATTOMAGISTRADOVara Judicial da Comarca de Sarandi,"Copiar link para documento:processo 5004125-14.2024.8.21.0069/RS, evento 11, DESPADEC1processo 5004125-14.2024.8.21.0069/RS, evento 11, DOC1evento 11, DESPADEC1evento 11, DOC111.1Fecharprocesso 5004125-14.2024.8.21.0069/RS, evento 11, DESPADEC1processo 5004125-14.2024.8.21.0069/RS, evento 11, DOC1evento 11, DOC111.1evento 11, DESPADEC1DESPADEC1Resumo: SUSPENDO a execução fiscal pelo prazo de 180 dias, nos termos do art. 313, II e § 4º, do CPC, para realização do protesto pelo exequente (providência que é pressuposto para o ajuizamento da execução, nos termos do art. 3º da Resolução n. 547/2024 do CNJ). Lance-se a suspensão no sistema Eproc. Agendada intimação da parte."
11.01,17/06/2025 15:46:34,Processo Suspenso ou Sobrestado Por Decisão Judicial,arossattoANDREIA DOS SANTOS ROSSATTOMAGISTRADOVara Judicial da Comarca de Sarandi,
11.02,17/06/2025 15:46:34,Processo Suspenso ou Sobrestado Por Decisão Judicial,arossattoANDREIA DOS SANTOS ROSSATTOMAGISTRADOVara Judicial da Comarca de Sarandi,
11.03,17/06/2025 15:46:34,Processo Suspenso ou Sobrestado Por Decisão Judicial,arossattoANDREIA DOS SANTOS ROSSATTOMAGISTRADOVara Judicial da Comarca de Sarandi,
11.04,17/06/2025 15:46:34,Processo Suspenso ou Sobrestado Por Decisão Judicial,arossattoANDREIA DOS SANTOS ROSSATTOMAGISTRADOVara Judicial da Comarca de Sarandi,
11.05,17/06/2025 15:46:34,Processo Suspenso ou Sobrestado Por Decisão Judicial,arossattoANDREIA DOS SANTOS ROSSATTOMAGISTRADOVara Judicial da Comarca de Sarandi,
11.06,17/06/2025 15:46:34,Processo Suspenso ou Sobrestado Por Decisão Judicial,arossattoANDREIA DOS SANTOS ROSSATTOMAGISTRADOVara Judicial da Comarca de Sarandi,
11.07,17/06/2025 15:46:34,Processo Suspenso ou Sobrestado Por Decisão Judicial,arossattoANDREIA DOS SANTOS ROSSATTOMAGISTRADOVara Judicial da Comarca de Sarandi,
11.08,17/06/2025 15:46:34,Processo Suspenso ou Sobrestado Por Decisão Judicial,arossattoANDREIA DOS SANTOS ROSSATTOMAGISTRADOVara Judicial da Comarca de Sarandi,
11.09,17/06/2025 15:46:34,Processo Suspenso ou Sobrestado Por Decisão Judicial,arossattoANDREIA DOS SANTOS ROSSATTOMAGISTRADOVara Judicial da Comarca de Sarandi,
11.1,17/06/2025 15:46:34,Processo Suspenso ou Sobrestado Por Decisão Judicial,arossattoANDREIA DOS SANTOS ROSSATTOMAGISTRADOVara Judicial da Comarca de Sarandi,
12.0,17/06/2025 15:46:35,Expedida/certificada a intimação eletrônicaRefer.  ao Evento 11(EXEQUENTE-  MUNICÍPIO DE SARANDI / RS)Prazo: 60 dias Status:AGUARD. ABERTURADomicílio Judicial Eletrônico: Enviado em 17/06/2025 15:55:00,arossattoANDREIA DOS SANTOS ROSSATTOMAGISTRADOVara Judicial da Comarca de Sarandi,
